link,title,category,type,date,display
https://www.instagram.com/p/DdvaMFtDXHO/,Hip-hop classes,Posters,photo,2026-09-26,
https://www.instagram.com/reel/DdjW2Omso2b/,Little stars at Splendour Ganeshotsav,Ganeshotsav,reel,2026-09-21,
https://www.instagram.com/p/DddPx-MDXun/,Garba hip-hop,Posters,photo,2026-09-19,
https://www.instagram.com/reel/Ddb_sOYTG_3/,Little stars in gold,Ganeshotsav,reel,2026-09-18,
https://www.instagram.com/reel/Ddb1e0zPD36/,Deva Shree Ganesha,Ganeshotsav,reel,2026-09-18,landscape
https://www.instagram.com/reel/DdX-aHNIbn3/,Jai Ganesh Deva on stage,Ganeshotsav,reel,2026-09-17,
https://www.instagram.com/reel/Dc-gp-mvfov/,Kids hip-hop: Qeher,Classes,reel,2026-09-07,letterboxed
https://www.instagram.com/reel/Dc-Y9oyv0PZ/,Kids hip-hop: Qeher,Classes,reel,2026-09-07,letterboxed
https://www.instagram.com/reel/Dc-TsLnzEk6/,Kids hip-hop: Qeher,Classes,reel,2026-09-07,letterboxed
https://www.instagram.com/reel/Dc6nyNqv9om/,Kids hip-hop class,Classes,reel,2026-09-06,letterboxed
https://www.instagram.com/reel/Dc6kbypvwMQ/,Kids hip-hop: 90's,Classes,reel,2026-09-05,letterboxed
https://www.instagram.com/reel/Dc35sVxSRuA/,Kids hip-hop class,Classes,reel,2026-09-04,letterboxed
https://www.instagram.com/reel/Dc34N9RvXs7/,Kids hip-hop: Qeher,Classes,reel,2026-09-04,letterboxed
https://www.instagram.com/reel/DcxtCqlPKSo/,Kids hip-hop: Qeher,Classes,reel,2026-09-02,letterboxed
https://www.instagram.com/reel/Dcp8VjSvnhA/,Dance Yard Kids,Classes,reel,2026-08-30,letterboxed
https://www.instagram.com/reel/DcpsF4dP_dJ/,Dance Yard Kids,Classes,reel,2026-08-30,
https://www.instagram.com/reel/DcprR9UPq9R/,Kids dance: Koi Ladki Hai,Classes,reel,2026-08-30,
https://www.instagram.com/reel/Db_ZbjgNzrS/,"Mumma, watch me dance!",Spotlights,reel,2026-08-14,
https://www.instagram.com/p/DbcxCGrCU8y/,Join our dance class,Posters,photo,2026-07-31,
https://www.instagram.com/reel/DbVDCZ4vG7O/,Kids dance: Laal Laal Colour Chi Bangdi,Classes,reel,2026-07-28,
https://www.instagram.com/reel/DbTkpVRvNpI/,Laal Laal Colour Chi Bangdi,Spotlights,reel,2026-07-27,letterboxed
https://www.instagram.com/reel/DbTh0TSve09/,Laal Laal Colour Chi Bangdi,Spotlights,reel,2026-07-27,letterboxed
https://www.instagram.com/reel/DbNsOqFvdQ2/,Kids dance class,Classes,reel,2026-07-25,
https://www.instagram.com/reel/DbNfHrUP-3b/,Student spotlight,Spotlights,reel,2026-07-25,
https://www.instagram.com/reel/DbNW6lyv2ae/,Student spotlight,Spotlights,reel,2026-07-25,
https://www.instagram.com/reel/DbNMANLPua6/,Student spotlight,Spotlights,reel,2026-07-25,
https://www.instagram.com/p/DbFmJiljWyw/,Navratri Garba dance workshop,Posters,photo,2026-07-22,
https://www.instagram.com/p/DbC-AdXjeBe/,Now in Yashvin,Posters,photo,2026-07-21,
https://www.instagram.com/reel/DaKOE56vWrm/,Student spotlight,Spotlights,reel,2026-06-29,
https://www.instagram.com/reel/DaKLMQVvAdO/,Student spotlight,Spotlights,reel,2026-06-29,
https://www.instagram.com/reel/DaFt2BZPted/,Student spotlight,Spotlights,reel,2026-06-27,
https://www.instagram.com/reel/DaFnnnAPvK6/,Student spotlight,Spotlights,reel,2026-06-27,
https://www.instagram.com/reel/DaFlWo7vtPY/,Student spotlight,Spotlights,reel,2026-06-27,
https://www.instagram.com/reel/DaFlCEgvF_j/,Student spotlight: Ek Pal Ka Jeena,Spotlights,reel,2026-06-27,
https://www.instagram.com/reel/DaFB9WiPbHh/,Oo Jaane Jaana,Performances,reel,2026-06-27,
https://www.instagram.com/reel/DaCkq2RP1af/,Oo Jaane Jaana,Performances,reel,2026-06-26,
https://www.instagram.com/p/DaCdT3QDV4R/,Oo Jaane Jaana: coming soon,Posters,photo,2026-06-26,
https://www.instagram.com/reel/DaCXB2QvpYT/,Practice: Ek Pal Ka Jeena,Classes,reel,2026-06-26,square
https://www.instagram.com/reel/DZ__lpsvtIZ/,Kids dance: Mera Wala Dance,Classes,reel,2026-06-25,
https://www.instagram.com/reel/DZ_7e7kP-cw/,Kids dance: Mera Wala Dance,Classes,reel,2026-06-25,
https://www.instagram.com/reel/DZ36r2qPPS6/,Kids hip-hop shoot,Shoots,reel,2026-06-22,
https://www.instagram.com/p/DZ2vEaGCCmA/,Kids dance shoot,Shoots,photo,2026-06-21,
https://www.instagram.com/reel/DZB-UywvCqc/,Lamborghini,Classes,reel,2026-06-01,letterboxed
https://www.instagram.com/p/DZAOaYCjV4o/,"Reel, photo and dance shoots",Posters,photo,2026-05-31,
https://www.instagram.com/reel/DY_WGPGvzvu/,Lamborghini,Classes,reel,2026-05-31,letterboxed
https://www.instagram.com/reel/DY9dtqnPfZu/,Dance Meri Rani,Classes,reel,2026-05-30,letterboxed
https://www.instagram.com/reel/DY9A0pwvTyz/,Dance photo shoot,Shoots,reel,2026-05-30,square
https://www.instagram.com/reel/DY7wQxgvU-q/,Dance Meri Rani,Performances,reel,2026-05-30,
https://www.instagram.com/reel/DY6UQGPPtKC/,Dance Meri Rani,Classes,reel,2026-05-29,
https://www.instagram.com/reel/DY3tcwYvdYg/,Dance class,Classes,reel,2026-05-28,
https://www.instagram.com/p/DYr4mBODQtS/,Now in Splendour,Posters,photo,2026-05-23,square
https://www.instagram.com/reel/DYqt7QSv8UD/,Ladies dance class,Classes,reel,2026-05-23,letterboxed
https://www.instagram.com/p/DYov6umjSve/,Photo shoot,Shoots,photo,2026-05-22,
https://www.instagram.com/p/DYovXnCDbhl/,Photo shoot,Shoots,photo,2026-05-22,square
https://www.instagram.com/reel/DYbShKyPNtK/,Practice time,Classes,reel,2026-05-17,
https://www.instagram.com/p/DYbNQ_OAvXy/,First dance class free,Posters,photo,2026-05-17,
https://www.instagram.com/reel/DYaVTWWPUv1/,Kids dance class,Classes,reel,2026-05-17,letterboxed
https://www.instagram.com/reel/DYZinOcPE33/,Kids dance class,Classes,reel,2026-05-16,
https://www.instagram.com/p/DYWCMqegvJz/,Free trial class,Posters,photo,2026-05-15,square
https://www.instagram.com/p/DYTmfh8CVts/,Class timings,Posters,photo,2026-05-14,
https://www.instagram.com/reel/DYPMAiiPyUQ/,Ved Lavala,Performances,reel,2026-05-12,letterboxed
https://www.instagram.com/reel/DYJuOWrPLCf/,Kids dance class,Classes,reel,2026-05-10,
https://www.instagram.com/reel/DYJYpClPVmZ/,Student spotlight,Spotlights,reel,2026-05-10,
https://www.instagram.com/reel/DYJPovkvIrr/,Let's dance,Performances,reel,2026-05-10,
https://www.instagram.com/reel/DYJNfgEPFHz/,Dance class,Classes,reel,2026-05-10,letterboxed
https://www.instagram.com/reel/DYH5tOQvS2I/,Dance class,Classes,reel,2026-05-09,
https://www.instagram.com/reel/DX93B6Uv30_/,Just dance,Classes,reel,2026-05-05,
https://www.instagram.com/p/DX55Xk-jQq3/,Classes at Splendour Society,Posters,photo,2026-05-04,
https://www.instagram.com/reel/DX1qOuSvla1/,Kids dance: Shake It Up,Classes,reel,2026-05-02,
https://www.instagram.com/reel/DX04QO8PI0H/,Kids dance: Shake It Up,Classes,reel,2026-05-02,
https://www.instagram.com/reel/DXzhQ5sv1fD/,Kids dance class,Classes,reel,2026-05-01,
https://www.instagram.com/reel/DXyyKXMvuGr/,Kids dance: Shake It Up,Classes,reel,2026-05-01,
https://www.instagram.com/p/DXmlBT4DZEg/,Dance class for children,Posters,photo,2026-04-26,
https://www.instagram.com/reel/DXgtEH6jxbC/,Dance reel shoot,Shoots,reel,2026-04-24,letterboxed
https://www.instagram.com/p/DXgmhnZjQxO/,Join us,Posters,photo,2026-04-24,
https://www.instagram.com/p/DXWCKn5DeJa/,Just dance with Dance Yard,Posters,photo,2026-04-20,square
https://www.instagram.com/p/DXTlWiwDVD_/,"Kids batch, Mon to Fri",Posters,photo,2026-04-19,
https://www.instagram.com/reel/DXRmW_-j5rW/,Love Letter dance,Performances,reel,2026-04-18,square
https://www.instagram.com/reel/DXQ5Aj3Dxc4/,Love Letter dance,Performances,reel,2026-04-18,letterboxed
https://www.instagram.com/reel/DXEQqRuj_jH/,Dance shoot,Shoots,reel,2026-04-13,letterboxed
https://www.instagram.com/p/DWvj3OtFtk-/,Dance reel shoot for students,Posters,photo,2026-04-05,
https://www.instagram.com/reel/DWt_zaxD_Xi/,Kids dance class,Classes,reel,2026-04-04,square
https://www.instagram.com/p/DWrcLO3jb3f/,What you'll learn,Posters,photo,2026-04-03,square
https://www.instagram.com/p/DWrbxj0DX7F/,Opportunities and exposure,Posters,photo,2026-04-03,square
https://www.instagram.com/reel/DWqPVy-D18g/,Dance class,Classes,reel,2026-04-03,square
https://www.instagram.com/p/DWn3LN5jYit/,Bang Bang: coming soon,Posters,photo,2026-04-02,
https://www.instagram.com/p/DWlEHxqDX_L/,Join Dance Yard,Posters,photo,2026-04-01,square
https://www.instagram.com/reel/DWlDH3Xjxlp/,Photoshoot by Dance Yard,Shoots,reel,2026-04-01,square
https://www.instagram.com/p/DWgDEYrjREJ/,Dance Yard photo shoot,Shoots,photo,2026-03-30,
https://www.instagram.com/p/DWf96MLDVOw/,Dance Yard photo shoot,Shoots,photo,2026-03-30,square
